{"cameraMode":{"drawMode":0,"name":"Shaded","section":"Shading Mode"},"sceneLighting":false,"audioPlay":false,"sceneViewState":{"m_AlwaysRefresh":false,"showFog":true,"showSkybox":false,"showFlares":true,"showImageEffects":true,"showParticleSystems":true,"showVisualEffectGraphs":true,"m_FxEnabled":true},"in2DMode":false,"pivot":{"x":0.5894931554794312,"y":0.1793549805879593,"z":0.8928282260894775},"rotation":{"x":-0.11755254864692688,"y":-0.12746138870716096,"z":0.01520941685885191,"w":-0.9847521781921387},"size":1.403511881828308,"orthographic":false}